superClass,superClassLabel,class,classLabel
http://purl.obolibrary.org/BIO/BIO_0000417,MENTOR Smooth Round Saline-Filled-Moderate Profile Breast Implant,http://purl.obolibrary.org/BIO/BIO_0000462,MENTOR Smooth Round Saline-Filled-Moderate Profile Breast Implant 350-1695
http://purl.obolibrary.org/BIO/BIO_0000493,MENTOR SILTEX CONTOUR PROFILE SPECTRUM High Profile Breast Implant,http://purl.obolibrary.org/BIO/BIO_0000581,MENTOR SILTEX CONTOUR PROFILE SPECTRUM High Profile Breast Implant 354-2515
http://purl.obolibrary.org/BIO/BIO_0000417,MENTOR Smooth Round Saline-Filled-Moderate Profile Breast Implant,http://purl.obolibrary.org/BIO/BIO_0000553,MENTOR Smooth Round Saline-Filled-Moderate Profile Breast Implant 350-1685
http://purl.obolibrary.org/BIO/BIO_0000414,MENTOR Smooth Round Saline-Filled-Moderate-plus Profile Breast Implant,http://purl.obolibrary.org/BIO/BIO_0000416,MENTOR Smooth Round Saline-Filled-Moderate-plus Profile Breast Implant 350-2275
http://purl.obolibrary.org/BIO/BIO_0000439,NATRELLE Saline-Filled Smooth Round High Profile Breast Implant,http://purl.obolibrary.org/BIO/BIO_0000483,NATRELLE Saline-Filled Smooth Round High Profile Breast Implant 68HP-280
http://purl.obolibrary.org/BIO/BIO_0000426,NATRELLE Saline-Filled Textured Full Profile Breast Implant,http://purl.obolibrary.org/BIO/BIO_0000558,NATRELLE Saline-Filled Textured Full Profile Breast Implant 363LF-560
http://purl.obolibrary.org/BIO/BIO_0000426,NATRELLE Saline-Filled Textured Full Profile Breast Implant,http://purl.obolibrary.org/BIO/BIO_0000468,NATRELLE Saline-Filled Textured Full Profile Breast Implant 363LF-200
http://purl.obolibrary.org/BIO/BIO_0000434,NATRELLE Saline-Filled Smooth Round Low Profile Breast Implant,http://purl.obolibrary.org/BIO/BIO_0000522,NATRELLE Saline-Filled Smooth Round Low Profile Breast Implant 68LP-420
http://purl.obolibrary.org/BIO/BIO_0000446,IDEAL IMPLANT Structured Breast Implant,http://purl.obolibrary.org/BIO/BIO_0000579,IDEAL IMPLANT Structured Breast Implant 555
http://purl.obolibrary.org/BIO/BIO_0000401,MENTOR Smooth Round SPECTRUM Moderate Profile Breast Implant,http://purl.obolibrary.org/BIO/BIO_0000584,MENTOR Smooth Round SPECTRUM Moderate Profile Breast Implant 350-1450
http://purl.obolibrary.org/BIO/BIO_0000401,MENTOR Smooth Round SPECTRUM Moderate Profile Breast Implant,http://purl.obolibrary.org/BIO/BIO_0000585,MENTOR Smooth Round SPECTRUM Moderate Profile Breast Implant 350-1410
http://purl.obolibrary.org/BIO/BIO_0000439,NATRELLE Saline-Filled Smooth Round High Profile Breast Implant,http://purl.obolibrary.org/BIO/BIO_0000577,NATRELLE Saline-Filled Smooth Round High Profile Breast Implant 68HP-350
http://purl.obolibrary.org/BIO/BIO_0000458,MENTOR Smooth Round Saline-Filled-High Profile Breast Implant,http://purl.obolibrary.org/BIO/BIO_0000460,MENTOR Smooth Round Saline-Filled-High Profile Breast Implant 350-3330
http://purl.obolibrary.org/BIO/BIO_0000458,MENTOR Smooth Round Saline-Filled-High Profile Breast Implant,http://purl.obolibrary.org/BIO/BIO_0000543,MENTOR Smooth Round Saline-Filled-High Profile Breast Implant 350-3290
http://purl.obolibrary.org/BIO/BIO_0000446,IDEAL IMPLANT Structured Breast Implant,http://purl.obolibrary.org/BIO/BIO_0000531,IDEAL IMPLANT Structured Breast Implant 440
http://purl.obolibrary.org/BIO/BIO_0000398,MENTOR SILTEX Round SPECTRUM Moderate Profile Breast Implant,http://purl.obolibrary.org/BIO/BIO_0000582,MENTOR SILTEX Round SPECTRUM Moderate Profile Breast Implant 354-2470M
http://purl.obolibrary.org/BIO/BIO_0000493,MENTOR SILTEX CONTOUR PROFILE SPECTRUM High Profile Breast Implant,http://purl.obolibrary.org/BIO/BIO_0000533,MENTOR SILTEX CONTOUR PROFILE SPECTRUM High Profile Breast Implant 354-2511
http://purl.obolibrary.org/BIO/BIO_0000414,MENTOR Smooth Round Saline-Filled-Moderate-plus Profile Breast Implant,http://purl.obolibrary.org/BIO/BIO_0000600,MENTOR Smooth Round Saline-Filled-Moderate-plus Profile Breast Implant 350-2350
http://purl.obolibrary.org/BIO/BIO_0000417,MENTOR Smooth Round Saline-Filled-Moderate Profile Breast Implant,http://purl.obolibrary.org/BIO/BIO_0000554,MENTOR Smooth Round Saline-Filled-Moderate Profile Breast Implant 350-1680
http://purl.obolibrary.org/BIO/BIO_0000423,NATRELLE Saline-Filled Textured Moderate Profile Breast Implant,http://purl.obolibrary.org/BIO/BIO_0000475,NATRELLE Saline-Filled Textured Moderate Profile Breast Implant 168-270
http://purl.obolibrary.org/BIO/BIO_0000443,NATRELLE Saline-Filled Smooth Round Moderate Profile Breast Implant,http://purl.obolibrary.org/BIO/BIO_0000571,NATRELLE Saline-Filled Smooth Round Moderate Profile Breast Implant 68-180
http://purl.obolibrary.org/BIO/BIO_0000414,MENTOR Smooth Round Saline-Filled-Moderate-plus Profile Breast Implant,http://purl.obolibrary.org/BIO/BIO_0000504,MENTOR Smooth Round Saline-Filled-Moderate-plus Profile Breast Implant 350-2750
http://purl.obolibrary.org/BIO/BIO_0000414,MENTOR Smooth Round Saline-Filled-Moderate-plus Profile Breast Implant,http://purl.obolibrary.org/BIO/BIO_0000415,MENTOR Smooth Round Saline-Filled-Moderate-plus Profile Breast Implant 350-2800
http://purl.obolibrary.org/BIO/BIO_0000458,MENTOR Smooth Round Saline-Filled-High Profile Breast Implant,http://purl.obolibrary.org/BIO/BIO_0000459,MENTOR Smooth Round Saline-Filled-High Profile Breast Implant 350-3500
http://purl.obolibrary.org/BIO/BIO_0000443,NATRELLE Saline-Filled Smooth Round Moderate Profile Breast Implant,http://purl.obolibrary.org/BIO/BIO_0000529,NATRELLE Saline-Filled Smooth Round Moderate Profile Breast Implant 68-150
http://purl.obolibrary.org/BIO/BIO_0000458,MENTOR Smooth Round Saline-Filled-High Profile Breast Implant,http://purl.obolibrary.org/BIO/BIO_0000597,MENTOR Smooth Round Saline-Filled-High Profile Breast Implant 350-3230
http://purl.obolibrary.org/BIO/BIO_0000458,MENTOR Smooth Round Saline-Filled-High Profile Breast Implant,http://purl.obolibrary.org/BIO/BIO_0000500,MENTOR Smooth Round Saline-Filled-High Profile Breast Implant 350-3380
http://purl.obolibrary.org/BIO/BIO_0000423,NATRELLE Saline-Filled Textured Moderate Profile Breast Implant,http://purl.obolibrary.org/BIO/BIO_0000424,NATRELLE Saline-Filled Textured Moderate Profile Breast Implant 468-270
http://purl.obolibrary.org/BIO/BIO_0000446,IDEAL IMPLANT Structured Breast Implant,http://purl.obolibrary.org/BIO/BIO_0000530,IDEAL IMPLANT Structured Breast Implant 475
http://purl.obolibrary.org/BIO/BIO_0000423,NATRELLE Saline-Filled Textured Moderate Profile Breast Implant,http://purl.obolibrary.org/BIO/BIO_0000615,NATRELLE Saline-Filled Textured Moderate Profile Breast Implant 168-180
http://purl.obolibrary.org/BIO/BIO_0000443,NATRELLE Saline-Filled Smooth Round Moderate Profile Breast Implant,http://purl.obolibrary.org/BIO/BIO_0000444,NATRELLE Saline-Filled Smooth Round Moderate Profile Breast Implant 68-510
http://purl.obolibrary.org/BIO/BIO_0000434,NATRELLE Saline-Filled Smooth Round Low Profile Breast Implant,http://purl.obolibrary.org/BIO/BIO_0000477,NATRELLE Saline-Filled Smooth Round Low Profile Breast Implant 68LP-640
http://purl.obolibrary.org/BIO/BIO_0000439,NATRELLE Saline-Filled Smooth Round High Profile Breast Implant,http://purl.obolibrary.org/BIO/BIO_0000441,NATRELLE Saline-Filled Smooth Round High Profile Breast Implant 68HP-550
http://purl.obolibrary.org/BIO/BIO_0000398,MENTOR SILTEX Round SPECTRUM Moderate Profile Breast Implant,http://purl.obolibrary.org/BIO/BIO_0000534,MENTOR SILTEX Round SPECTRUM Moderate Profile Breast Implant 354-2440M
http://purl.obolibrary.org/BIO/BIO_0000423,NATRELLE Saline-Filled Textured Moderate Profile Breast Implant,http://purl.obolibrary.org/BIO/BIO_0000572,NATRELLE Saline-Filled Textured Moderate Profile Breast Implant 468-620
http://purl.obolibrary.org/BIO/BIO_0000414,MENTOR Smooth Round Saline-Filled-Moderate-plus Profile Breast Implant,http://purl.obolibrary.org/BIO/BIO_0000550,MENTOR Smooth Round Saline-Filled-Moderate-plus Profile Breast Implant 350-2300
http://purl.obolibrary.org/BIO/BIO_0000417,MENTOR Smooth Round Saline-Filled-Moderate Profile Breast Implant,http://purl.obolibrary.org/BIO/BIO_0000421,MENTOR Smooth Round Saline-Filled-Moderate Profile Breast Implant 350-1610
http://purl.obolibrary.org/BIO/BIO_0000458,MENTOR Smooth Round Saline-Filled-High Profile Breast Implant,http://purl.obolibrary.org/BIO/BIO_0000501,MENTOR Smooth Round Saline-Filled-High Profile Breast Implant 350-3270
http://purl.obolibrary.org/BIO/BIO_0000417,MENTOR Smooth Round Saline-Filled-Moderate Profile Breast Implant,http://purl.obolibrary.org/BIO/BIO_0000463,MENTOR Smooth Round Saline-Filled-Moderate Profile Breast Implant 350-1635
http://purl.obolibrary.org/BIO/BIO_0000426,NATRELLE Saline-Filled Textured Full Profile Breast Implant,http://purl.obolibrary.org/BIO/BIO_0000465,NATRELLE Saline-Filled Textured Full Profile Breast Implant 363LF-690
http://purl.obolibrary.org/BIO/BIO_0000414,MENTOR Smooth Round Saline-Filled-Moderate-plus Profile Breast Implant,http://purl.obolibrary.org/BIO/BIO_0000506,MENTOR Smooth Round Saline-Filled-Moderate-plus Profile Breast Implant 350-2600
http://purl.obolibrary.org/BIO/BIO_0000426,NATRELLE Saline-Filled Textured Full Profile Breast Implant,http://purl.obolibrary.org/BIO/BIO_0000574,NATRELLE Saline-Filled Textured Full Profile Breast Implant 163-360
http://purl.obolibrary.org/BIO/BIO_0000404,MENTOR SILTEX Saline-Filled-High Profile Breast Implant,http://purl.obolibrary.org/BIO/BIO_0000405,MENTOR SILTEX Saline-Filled-High Profile Breast Implant 354-2711
http://purl.obolibrary.org/BIO/BIO_0000401,MENTOR Smooth Round SPECTRUM Moderate Profile Breast Implant,http://purl.obolibrary.org/BIO/BIO_0000538,MENTOR Smooth Round SPECTRUM Moderate Profile Breast Implant 350-1430
http://purl.obolibrary.org/BIO/BIO_0000439,NATRELLE Saline-Filled Smooth Round High Profile Breast Implant,http://purl.obolibrary.org/BIO/BIO_0000480,NATRELLE Saline-Filled Smooth Round High Profile Breast Implant 68HP-800
http://purl.obolibrary.org/BIO/BIO_0000434,NATRELLE Saline-Filled Smooth Round Low Profile Breast Implant,http://purl.obolibrary.org/BIO/BIO_0000575,NATRELLE Saline-Filled Smooth Round Low Profile Breast Implant 68LP-275
http://purl.obolibrary.org/BIO/BIO_0000398,MENTOR SILTEX Round SPECTRUM Moderate Profile Breast Implant,http://purl.obolibrary.org/BIO/BIO_0000400,MENTOR SILTEX Round SPECTRUM Moderate Profile Breast Implant 354-2410M
http://purl.obolibrary.org/BIO/BIO_0000426,NATRELLE Saline-Filled Textured Full Profile Breast Implant,http://purl.obolibrary.org/BIO/BIO_0000427,NATRELLE Saline-Filled Textured Full Profile Breast Implant 363LF-510
http://purl.obolibrary.org/BIO/BIO_0000443,NATRELLE Saline-Filled Smooth Round Moderate Profile Breast Implant,http://purl.obolibrary.org/BIO/BIO_0000486,NATRELLE Saline-Filled Smooth Round Moderate Profile Breast Implant 68-650
http://purl.obolibrary.org/BIO/BIO_0000443,NATRELLE Saline-Filled Smooth Round Moderate Profile Breast Implant,http://purl.obolibrary.org/BIO/BIO_0000566,NATRELLE Saline-Filled Smooth Round Moderate Profile Breast Implant 68-700
http://purl.obolibrary.org/BIO/BIO_0000458,MENTOR Smooth Round Saline-Filled-High Profile Breast Implant,http://purl.obolibrary.org/BIO/BIO_0000544,MENTOR Smooth Round Saline-Filled-High Profile Breast Implant 350-3250
http://purl.obolibrary.org/BIO/BIO_0000423,NATRELLE Saline-Filled Textured Moderate Profile Breast Implant,http://purl.obolibrary.org/BIO/BIO_0000573,NATRELLE Saline-Filled Textured Moderate Profile Breast Implant 168-600
http://purl.obolibrary.org/BIO/BIO_0000443,NATRELLE Saline-Filled Smooth Round Moderate Profile Breast Implant,http://purl.obolibrary.org/BIO/BIO_0000445,NATRELLE Saline-Filled Smooth Round Moderate Profile Breast Implant 68-390
http://purl.obolibrary.org/BIO/BIO_0000406,MENTOR SILTEX Saline-Filled-Moderate Profile Breast Implant,http://purl.obolibrary.org/BIO/BIO_0000407,MENTOR SILTEX Saline-Filled-Moderate Profile Breast Implant 354-2910
http://purl.obolibrary.org/BIO/BIO_0000423,NATRELLE Saline-Filled Textured Moderate Profile Breast Implant,http://purl.obolibrary.org/BIO/BIO_0000613,NATRELLE Saline-Filled Textured Moderate Profile Breast Implant 168-390
http://purl.obolibrary.org/BIO/BIO_0000398,MENTOR SILTEX Round SPECTRUM Moderate Profile Breast Implant,http://purl.obolibrary.org/BIO/BIO_0000450,MENTOR SILTEX Round SPECTRUM Moderate Profile Breast Implant 354-2450M
http://purl.obolibrary.org/BIO/BIO_0000423,NATRELLE Saline-Filled Textured Moderate Profile Breast Implant,http://purl.obolibrary.org/BIO/BIO_0000425,NATRELLE Saline-Filled Textured Moderate Profile Breast Implant 468-230
http://purl.obolibrary.org/BIO/BIO_0000439,NATRELLE Saline-Filled Smooth Round High Profile Breast Implant,http://purl.obolibrary.org/BIO/BIO_0000622,NATRELLE Saline-Filled Smooth Round High Profile Breast Implant 68HP-160
http://purl.obolibrary.org/BIO/BIO_0000446,IDEAL IMPLANT Structured Breast Implant,http://purl.obolibrary.org/BIO/BIO_0000628,IDEAL IMPLANT Structured Breast Implant 515
http://purl.obolibrary.org/BIO/BIO_0000423,NATRELLE Saline-Filled Textured Moderate Profile Breast Implant,http://purl.obolibrary.org/BIO/BIO_0000473,NATRELLE Saline-Filled Textured Moderate Profile Breast Implant 168-360
http://purl.obolibrary.org/BIO/BIO_0000446,IDEAL IMPLANT Structured Breast Implant,http://purl.obolibrary.org/BIO/BIO_0000630,IDEAL IMPLANT Structured Breast Implant 240
http://purl.obolibrary.org/BIO/BIO_0000423,NATRELLE Saline-Filled Textured Moderate Profile Breast Implant,http://purl.obolibrary.org/BIO/BIO_0000561,NATRELLE Saline-Filled Textured Moderate Profile Breast Implant 168-700
http://purl.obolibrary.org/BIO/BIO_0000446,IDEAL IMPLANT Structured Breast Implant,http://purl.obolibrary.org/BIO/BIO_0000629,IDEAL IMPLANT Structured Breast Implant 405
http://purl.obolibrary.org/BIO/BIO_0000406,MENTOR SILTEX Saline-Filled-Moderate Profile Breast Implant,http://purl.obolibrary.org/BIO/BIO_0000590,MENTOR SILTEX Saline-Filled-Moderate Profile Breast Implant 354-2680
http://purl.obolibrary.org/BIO/BIO_0000417,MENTOR Smooth Round Saline-Filled-Moderate Profile Breast Implant,http://purl.obolibrary.org/BIO/BIO_0000604,MENTOR Smooth Round Saline-Filled-Moderate Profile Breast Implant 350-1615
http://purl.obolibrary.org/BIO/BIO_0000406,MENTOR SILTEX Saline-Filled-Moderate Profile Breast Implant,http://purl.obolibrary.org/BIO/BIO_0000456,MENTOR SILTEX Saline-Filled-Moderate Profile Breast Implant 354-2650
http://purl.obolibrary.org/BIO/BIO_0000423,NATRELLE Saline-Filled Textured Moderate Profile Breast Implant,http://purl.obolibrary.org/BIO/BIO_0000470,NATRELLE Saline-Filled Textured Moderate Profile Breast Implant 168-800
http://purl.obolibrary.org/BIO/BIO_0000398,MENTOR SILTEX Round SPECTRUM Moderate Profile Breast Implant,http://purl.obolibrary.org/BIO/BIO_0000399,MENTOR SILTEX Round SPECTRUM Moderate Profile Breast Implant 354-2420M
http://purl.obolibrary.org/BIO/BIO_0000423,NATRELLE Saline-Filled Textured Moderate Profile Breast Implant,http://purl.obolibrary.org/BIO/BIO_0000606,NATRELLE Saline-Filled Textured Moderate Profile Breast Implant 468-380
http://purl.obolibrary.org/BIO/BIO_0000406,MENTOR SILTEX Saline-Filled-Moderate Profile Breast Implant,http://purl.obolibrary.org/BIO/BIO_0000498,MENTOR SILTEX Saline-Filled-Moderate Profile Breast Implant 354-2660
http://purl.obolibrary.org/BIO/BIO_0000406,MENTOR SILTEX Saline-Filled-Moderate Profile Breast Implant,http://purl.obolibrary.org/BIO/BIO_0000410,MENTOR SILTEX Saline-Filled-Moderate Profile Breast Implant 354-2635
http://purl.obolibrary.org/BIO/BIO_0000446,IDEAL IMPLANT Structured Breast Implant,http://purl.obolibrary.org/BIO/BIO_0000631,IDEAL IMPLANT Structured Breast Implant 210
http://purl.obolibrary.org/BIO/BIO_0000401,MENTOR Smooth Round SPECTRUM Moderate Profile Breast Implant,http://purl.obolibrary.org/BIO/BIO_0000452,MENTOR Smooth Round SPECTRUM Moderate Profile Breast Implant 350-1480
http://purl.obolibrary.org/BIO/BIO_0000414,MENTOR Smooth Round Saline-Filled-Moderate-plus Profile Breast Implant,http://purl.obolibrary.org/BIO/BIO_0000509,MENTOR Smooth Round Saline-Filled-Moderate-plus Profile Breast Implant 350-2250
http://purl.obolibrary.org/BIO/BIO_0000434,NATRELLE Saline-Filled Smooth Round Low Profile Breast Implant,http://purl.obolibrary.org/BIO/BIO_0000563,NATRELLE Saline-Filled Smooth Round Low Profile Breast Implant 68LP-350
http://purl.obolibrary.org/BIO/BIO_0000406,MENTOR SILTEX Saline-Filled-Moderate Profile Breast Implant,http://purl.obolibrary.org/BIO/BIO_0000455,MENTOR SILTEX Saline-Filled-Moderate Profile Breast Implant 354-2915
http://purl.obolibrary.org/BIO/BIO_0000443,NATRELLE Saline-Filled Smooth Round Moderate Profile Breast Implant,http://purl.obolibrary.org/BIO/BIO_0000489,NATRELLE Saline-Filled Smooth Round Moderate Profile Breast Implant 68-420
http://purl.obolibrary.org/BIO/BIO_0000406,MENTOR SILTEX Saline-Filled-Moderate Profile Breast Implant,http://purl.obolibrary.org/BIO/BIO_0000499,MENTOR SILTEX Saline-Filled-Moderate Profile Breast Implant 354-2640
http://purl.obolibrary.org/BIO/BIO_0000493,MENTOR SILTEX CONTOUR PROFILE SPECTRUM High Profile Breast Implant,http://purl.obolibrary.org/BIO/BIO_0000495,MENTOR SILTEX CONTOUR PROFILE SPECTRUM High Profile Breast Implant 354-2513
http://purl.obolibrary.org/BIO/BIO_0000401,MENTOR Smooth Round SPECTRUM Moderate Profile Breast Implant,http://purl.obolibrary.org/BIO/BIO_0000536,MENTOR Smooth Round SPECTRUM Moderate Profile Breast Implant 350-1485
http://purl.obolibrary.org/BIO/BIO_0000426,NATRELLE Saline-Filled Textured Full Profile Breast Implant,http://purl.obolibrary.org/BIO/BIO_0000609,NATRELLE Saline-Filled Textured Full Profile Breast Implant 363LF-260
http://purl.obolibrary.org/BIO/BIO_0000434,NATRELLE Saline-Filled Smooth Round Low Profile Breast Implant,http://purl.obolibrary.org/BIO/BIO_0000438,NATRELLE Saline-Filled Smooth Round Low Profile Breast Implant 68LP-150
http://purl.obolibrary.org/BIO/BIO_0000439,NATRELLE Saline-Filled Smooth Round High Profile Breast Implant,http://purl.obolibrary.org/BIO/BIO_0000621,NATRELLE Saline-Filled Smooth Round High Profile Breast Implant 68HP-400
http://purl.obolibrary.org/BIO/BIO_0000406,MENTOR SILTEX Saline-Filled-Moderate Profile Breast Implant,http://purl.obolibrary.org/BIO/BIO_0000589,MENTOR SILTEX Saline-Filled-Moderate Profile Breast Implant 354-2911
http://purl.obolibrary.org/BIO/BIO_0000414,MENTOR Smooth Round Saline-Filled-Moderate-plus Profile Breast Implant,http://purl.obolibrary.org/BIO/BIO_0000548,MENTOR Smooth Round Saline-Filled-Moderate-plus Profile Breast Implant 350-2425
http://purl.obolibrary.org/BIO/BIO_0000423,NATRELLE Saline-Filled Textured Moderate Profile Breast Implant,http://purl.obolibrary.org/BIO/BIO_0000471,NATRELLE Saline-Filled Textured Moderate Profile Breast Implant 168-480
http://purl.obolibrary.org/BIO/BIO_0000401,MENTOR Smooth Round SPECTRUM Moderate Profile Breast Implant,http://purl.obolibrary.org/BIO/BIO_0000539,MENTOR Smooth Round SPECTRUM Moderate Profile Breast Implant 350-1420
http://purl.obolibrary.org/BIO/BIO_0000434,NATRELLE Saline-Filled Smooth Round Low Profile Breast Implant,http://purl.obolibrary.org/BIO/BIO_0000479,NATRELLE Saline-Filled Smooth Round Low Profile Breast Implant 68LP-125
http://purl.obolibrary.org/BIO/BIO_0000414,MENTOR Smooth Round Saline-Filled-Moderate-plus Profile Breast Implant,http://purl.obolibrary.org/BIO/BIO_0000551,MENTOR Smooth Round Saline-Filled-Moderate-plus Profile Breast Implant 350-2225
http://purl.obolibrary.org/BIO/BIO_0000417,MENTOR Smooth Round Saline-Filled-Moderate Profile Breast Implant,http://purl.obolibrary.org/BIO/BIO_0000602,MENTOR Smooth Round Saline-Filled-Moderate Profile Breast Implant 350-1640
http://purl.obolibrary.org/BIO/BIO_0000434,NATRELLE Saline-Filled Smooth Round Low Profile Breast Implant,http://purl.obolibrary.org/BIO/BIO_0000618,NATRELLE Saline-Filled Smooth Round Low Profile Breast Implant 68LP-175
http://purl.obolibrary.org/BIO/BIO_0000434,NATRELLE Saline-Filled Smooth Round Low Profile Breast Implant,http://purl.obolibrary.org/BIO/BIO_0000435,NATRELLE Saline-Filled Smooth Round Low Profile Breast Implant 68LP-680
http://purl.obolibrary.org/BIO/BIO_0000417,MENTOR Smooth Round Saline-Filled-Moderate Profile Breast Implant,http://purl.obolibrary.org/BIO/BIO_0000513,MENTOR Smooth Round Saline-Filled-Moderate Profile Breast Implant 350-1630
http://purl.obolibrary.org/BIO/BIO_0000417,MENTOR Smooth Round Saline-Filled-Moderate Profile Breast Implant,http://purl.obolibrary.org/BIO/BIO_0000418,MENTOR Smooth Round Saline-Filled-Moderate Profile Breast Implant 350-1655
http://purl.obolibrary.org/BIO/BIO_0000401,MENTOR Smooth Round SPECTRUM Moderate Profile Breast Implant,http://purl.obolibrary.org/BIO/BIO_0000453,MENTOR Smooth Round SPECTRUM Moderate Profile Breast Implant 350-1470
http://purl.obolibrary.org/BIO/BIO_0000443,NATRELLE Saline-Filled Smooth Round Moderate Profile Breast Implant,http://purl.obolibrary.org/BIO/BIO_0000623,NATRELLE Saline-Filled Smooth Round Moderate Profile Breast Implant 68-600
http://purl.obolibrary.org/BIO/BIO_0000446,IDEAL IMPLANT Structured Breast Implant,http://purl.obolibrary.org/BIO/BIO_0000447,IDEAL IMPLANT Structured Breast Implant 335
http://purl.obolibrary.org/BIO/BIO_0000404,MENTOR SILTEX Saline-Filled-High Profile Breast Implant,http://purl.obolibrary.org/BIO/BIO_0000587,MENTOR SILTEX Saline-Filled-High Profile Breast Implant 354-2713
http://purl.obolibrary.org/BIO/BIO_0000434,NATRELLE Saline-Filled Smooth Round Low Profile Breast Implant,http://purl.obolibrary.org/BIO/BIO_0000523,NATRELLE Saline-Filled Smooth Round Low Profile Breast Implant 68LP-400
http://purl.obolibrary.org/BIO/BIO_0000426,NATRELLE Saline-Filled Textured Full Profile Breast Implant,http://purl.obolibrary.org/BIO/BIO_0000560,NATRELLE Saline-Filled Textured Full Profile Breast Implant 363LF-410
http://purl.obolibrary.org/BIO/BIO_0000434,NATRELLE Saline-Filled Smooth Round Low Profile Breast Implant,http://purl.obolibrary.org/BIO/BIO_0000562,NATRELLE Saline-Filled Smooth Round Low Profile Breast Implant 68LP-525
http://purl.obolibrary.org/BIO/BIO_0000426,NATRELLE Saline-Filled Textured Full Profile Breast Implant,http://purl.obolibrary.org/BIO/BIO_0000520,NATRELLE Saline-Filled Textured Full Profile Breast Implant 163-655
http://purl.obolibrary.org/BIO/BIO_0000417,MENTOR Smooth Round Saline-Filled-Moderate Profile Breast Implant,http://purl.obolibrary.org/BIO/BIO_0000419,MENTOR Smooth Round Saline-Filled-Moderate Profile Breast Implant 350-1650
http://purl.obolibrary.org/BIO/BIO_0000446,IDEAL IMPLANT Structured Breast Implant,http://purl.obolibrary.org/BIO/BIO_0000448,IDEAL IMPLANT Structured Breast Implant 300
http://purl.obolibrary.org/BIO/BIO_0000426,NATRELLE Saline-Filled Textured Full Profile Breast Implant,http://purl.obolibrary.org/BIO/BIO_0000466,NATRELLE Saline-Filled Textured Full Profile Breast Implant 363LF-620
http://purl.obolibrary.org/BIO/BIO_0000426,NATRELLE Saline-Filled Textured Full Profile Breast Implant,http://purl.obolibrary.org/BIO/BIO_0000516,NATRELLE Saline-Filled Textured Full Profile Breast Implant 363LF-300
http://purl.obolibrary.org/BIO/BIO_0000458,MENTOR Smooth Round Saline-Filled-High Profile Breast Implant,http://purl.obolibrary.org/BIO/BIO_0000594,MENTOR Smooth Round Saline-Filled-High Profile Breast Implant 350-3630
http://purl.obolibrary.org/BIO/BIO_0000406,MENTOR SILTEX Saline-Filled-Moderate Profile Breast Implant,http://purl.obolibrary.org/BIO/BIO_0000588,MENTOR SILTEX Saline-Filled-Moderate Profile Breast Implant 354-2913
http://purl.obolibrary.org/BIO/BIO_0000493,MENTOR SILTEX CONTOUR PROFILE SPECTRUM High Profile Breast Implant,http://purl.obolibrary.org/BIO/BIO_0000494,MENTOR SILTEX CONTOUR PROFILE SPECTRUM High Profile Breast Implant 354-2514
http://purl.obolibrary.org/BIO/BIO_0000458,MENTOR Smooth Round Saline-Filled-High Profile Breast Implant,http://purl.obolibrary.org/BIO/BIO_0000542,MENTOR Smooth Round Saline-Filled-High Profile Breast Implant 350-3310
http://purl.obolibrary.org/BIO/BIO_0000414,MENTOR Smooth Round Saline-Filled-Moderate-plus Profile Breast Implant,http://purl.obolibrary.org/BIO/BIO_0000546,MENTOR Smooth Round Saline-Filled-Moderate-plus Profile Breast Implant 350-2500
http://purl.obolibrary.org/BIO/BIO_0000458,MENTOR Smooth Round Saline-Filled-High Profile Breast Implant,http://purl.obolibrary.org/BIO/BIO_0000541,MENTOR Smooth Round Saline-Filled-High Profile Breast Implant 350-3420
http://purl.obolibrary.org/BIO/BIO_0000423,NATRELLE Saline-Filled Textured Moderate Profile Breast Implant,http://purl.obolibrary.org/BIO/BIO_0000464,NATRELLE Saline-Filled Textured Moderate Profile Breast Implant 468-195
http://purl.obolibrary.org/BIO/BIO_0000423,NATRELLE Saline-Filled Textured Moderate Profile Breast Implant,http://purl.obolibrary.org/BIO/BIO_0000517,NATRELLE Saline-Filled Textured Moderate Profile Breast Implant 168-550
http://purl.obolibrary.org/BIO/BIO_0000458,MENTOR Smooth Round Saline-Filled-High Profile Breast Implant,http://purl.obolibrary.org/BIO/BIO_0000502,MENTOR Smooth Round Saline-Filled-High Profile Breast Implant 350-3210
http://purl.obolibrary.org/BIO/BIO_0000414,MENTOR Smooth Round Saline-Filled-Moderate-plus Profile Breast Implant,http://purl.obolibrary.org/BIO/BIO_0000505,MENTOR Smooth Round Saline-Filled-Moderate-plus Profile Breast Implant 350-2650
http://purl.obolibrary.org/BIO/BIO_0000401,MENTOR Smooth Round SPECTRUM Moderate Profile Breast Implant,http://purl.obolibrary.org/BIO/BIO_0000402,MENTOR Smooth Round SPECTRUM Moderate Profile Breast Implant 350-1460
http://purl.obolibrary.org/BIO/BIO_0000406,MENTOR SILTEX Saline-Filled-Moderate Profile Breast Implant,http://purl.obolibrary.org/BIO/BIO_0000540,MENTOR SILTEX Saline-Filled-Moderate Profile Breast Implant 354-2912
http://purl.obolibrary.org/BIO/BIO_0000414,MENTOR Smooth Round Saline-Filled-Moderate-plus Profile Breast Implant,http://purl.obolibrary.org/BIO/BIO_0000549,MENTOR Smooth Round Saline-Filled-Moderate-plus Profile Breast Implant 350-2325
http://purl.obolibrary.org/BIO/BIO_0000434,NATRELLE Saline-Filled Smooth Round Low Profile Breast Implant,http://purl.obolibrary.org/BIO/BIO_0000525,NATRELLE Saline-Filled Smooth Round Low Profile Breast Implant 68LP-250
http://purl.obolibrary.org/BIO/BIO_0000423,NATRELLE Saline-Filled Textured Moderate Profile Breast Implant,http://purl.obolibrary.org/BIO/BIO_0000610,NATRELLE Saline-Filled Textured Moderate Profile Breast Implant 168-650
http://purl.obolibrary.org/BIO/BIO_0000458,MENTOR Smooth Round Saline-Filled-High Profile Breast Implant,http://purl.obolibrary.org/BIO/BIO_0000595,MENTOR Smooth Round Saline-Filled-High Profile Breast Implant 350-3560
http://purl.obolibrary.org/BIO/BIO_0000439,NATRELLE Saline-Filled Smooth Round High Profile Breast Implant,http://purl.obolibrary.org/BIO/BIO_0000482,NATRELLE Saline-Filled Smooth Round High Profile Breast Implant 68HP-320
http://purl.obolibrary.org/BIO/BIO_0000443,NATRELLE Saline-Filled Smooth Round Moderate Profile Breast Implant,http://purl.obolibrary.org/BIO/BIO_0000624,NATRELLE Saline-Filled Smooth Round Moderate Profile Breast Implant 68-450
http://purl.obolibrary.org/BIO/BIO_0000446,IDEAL IMPLANT Structured Breast Implant,http://purl.obolibrary.org/BIO/BIO_0000627,IDEAL IMPLANT Structured Breast Implant 595
http://purl.obolibrary.org/BIO/BIO_0000423,NATRELLE Saline-Filled Textured Moderate Profile Breast Implant,http://purl.obolibrary.org/BIO/BIO_0000557,NATRELLE Saline-Filled Textured Moderate Profile Breast Implant 468-450
http://purl.obolibrary.org/BIO/BIO_0000426,NATRELLE Saline-Filled Textured Full Profile Breast Implant,http://purl.obolibrary.org/BIO/BIO_0000432,NATRELLE Saline-Filled Textured Full Profile Breast Implant 163-440
http://purl.obolibrary.org/BIO/BIO_0000398,MENTOR SILTEX Round SPECTRUM Moderate Profile Breast Implant,http://purl.obolibrary.org/BIO/BIO_0000451,MENTOR SILTEX Round SPECTRUM Moderate Profile Breast Implant 354-2430M
http://purl.obolibrary.org/BIO/BIO_0000404,MENTOR SILTEX Saline-Filled-High Profile Breast Implant,http://purl.obolibrary.org/BIO/BIO_0000454,MENTOR SILTEX Saline-Filled-High Profile Breast Implant 354-2712
http://purl.obolibrary.org/BIO/BIO_0000434,NATRELLE Saline-Filled Smooth Round Low Profile Breast Implant,http://purl.obolibrary.org/BIO/BIO_0000437,NATRELLE Saline-Filled Smooth Round Low Profile Breast Implant 68LP-440
http://purl.obolibrary.org/BIO/BIO_0000417,MENTOR Smooth Round Saline-Filled-Moderate Profile Breast Implant,http://purl.obolibrary.org/BIO/BIO_0000603,MENTOR Smooth Round Saline-Filled-Moderate Profile Breast Implant 350-1625
http://purl.obolibrary.org/BIO/BIO_0000423,NATRELLE Saline-Filled Textured Moderate Profile Breast Implant,http://purl.obolibrary.org/BIO/BIO_0000611,NATRELLE Saline-Filled Textured Moderate Profile Breast Implant 168-510
http://purl.obolibrary.org/BIO/BIO_0000423,NATRELLE Saline-Filled Textured Moderate Profile Breast Implant,http://purl.obolibrary.org/BIO/BIO_0000607,NATRELLE Saline-Filled Textured Moderate Profile Breast Implant 468-350
http://purl.obolibrary.org/BIO/BIO_0000417,MENTOR Smooth Round Saline-Filled-Moderate Profile Breast Implant,http://purl.obolibrary.org/BIO/BIO_0000555,MENTOR Smooth Round Saline-Filled-Moderate Profile Breast Implant 350-1670
http://purl.obolibrary.org/BIO/BIO_0000423,NATRELLE Saline-Filled Textured Moderate Profile Breast Implant,http://purl.obolibrary.org/BIO/BIO_0000472,NATRELLE Saline-Filled Textured Moderate Profile Breast Implant 168-450
http://purl.obolibrary.org/BIO/BIO_0000439,NATRELLE Saline-Filled Smooth Round High Profile Breast Implant,http://purl.obolibrary.org/BIO/BIO_0000440,NATRELLE Saline-Filled Smooth Round High Profile Breast Implant 68HP-750
http://purl.obolibrary.org/BIO/BIO_0000443,NATRELLE Saline-Filled Smooth Round Moderate Profile Breast Implant,http://purl.obolibrary.org/BIO/BIO_0000625,NATRELLE Saline-Filled Smooth Round Moderate Profile Breast Implant 68-210
http://purl.obolibrary.org/BIO/BIO_0000406,MENTOR SILTEX Saline-Filled-Moderate Profile Breast Implant,http://purl.obolibrary.org/BIO/BIO_0000411,MENTOR SILTEX Saline-Filled-Moderate Profile Breast Implant 354-2630
http://purl.obolibrary.org/BIO/BIO_0000417,MENTOR Smooth Round Saline-Filled-Moderate Profile Breast Implant,http://purl.obolibrary.org/BIO/BIO_0000556,MENTOR Smooth Round Saline-Filled-Moderate Profile Breast Implant 350-1660
http://purl.obolibrary.org/BIO/BIO_0000443,NATRELLE Saline-Filled Smooth Round Moderate Profile Breast Implant,http://purl.obolibrary.org/BIO/BIO_0000570,NATRELLE Saline-Filled Smooth Round Moderate Profile Breast Implant 68-270
http://purl.obolibrary.org/BIO/BIO_0000423,NATRELLE Saline-Filled Textured Moderate Profile Breast Implant,http://purl.obolibrary.org/BIO/BIO_0000429,NATRELLE Saline-Filled Textured Moderate Profile Breast Implant 168-750
http://purl.obolibrary.org/BIO/BIO_0000417,MENTOR Smooth Round Saline-Filled-Moderate Profile Breast Implant,http://purl.obolibrary.org/BIO/BIO_0000511,MENTOR Smooth Round Saline-Filled-Moderate Profile Breast Implant 350-1697
http://purl.obolibrary.org/BIO/BIO_0000439,NATRELLE Saline-Filled Smooth Round High Profile Breast Implant,http://purl.obolibrary.org/BIO/BIO_0000528,NATRELLE Saline-Filled Smooth Round High Profile Breast Implant 68HP-465
http://purl.obolibrary.org/BIO/BIO_0000439,NATRELLE Saline-Filled Smooth Round High Profile Breast Implant,http://purl.obolibrary.org/BIO/BIO_0000484,NATRELLE Saline-Filled Smooth Round High Profile Breast Implant 68HP-240
http://purl.obolibrary.org/BIO/BIO_0000439,NATRELLE Saline-Filled Smooth Round High Profile Breast Implant,http://purl.obolibrary.org/BIO/BIO_0000619,NATRELLE Saline-Filled Smooth Round High Profile Breast Implant 68HP-700
http://purl.obolibrary.org/BIO/BIO_0000398,MENTOR SILTEX Round SPECTRUM Moderate Profile Breast Implant,http://purl.obolibrary.org/BIO/BIO_0000583,MENTOR SILTEX Round SPECTRUM Moderate Profile Breast Implant 354-2460M
http://purl.obolibrary.org/BIO/BIO_0000401,MENTOR Smooth Round SPECTRUM Moderate Profile Breast Implant,http://purl.obolibrary.org/BIO/BIO_0000537,MENTOR Smooth Round SPECTRUM Moderate Profile Breast Implant 350-1440
http://purl.obolibrary.org/BIO/BIO_0000423,NATRELLE Saline-Filled Textured Moderate Profile Breast Implant,http://purl.obolibrary.org/BIO/BIO_0000616,NATRELLE Saline-Filled Textured Moderate Profile Breast Implant 168-120
http://purl.obolibrary.org/BIO/BIO_0000426,NATRELLE Saline-Filled Textured Full Profile Breast Implant,http://purl.obolibrary.org/BIO/BIO_0000476,NATRELLE Saline-Filled Textured Full Profile Breast Implant 163-780
http://purl.obolibrary.org/BIO/BIO_0000458,MENTOR Smooth Round Saline-Filled-High Profile Breast Implant,http://purl.obolibrary.org/BIO/BIO_0000461,MENTOR Smooth Round Saline-Filled-High Profile Breast Implant 350-3170
http://purl.obolibrary.org/BIO/BIO_0000426,NATRELLE Saline-Filled Textured Full Profile Breast Implant,http://purl.obolibrary.org/BIO/BIO_0000469,NATRELLE Saline-Filled Textured Full Profile Breast Implant 363LF-170
http://purl.obolibrary.org/BIO/BIO_0000406,MENTOR SILTEX Saline-Filled-Moderate Profile Breast Implant,http://purl.obolibrary.org/BIO/BIO_0000591,MENTOR SILTEX Saline-Filled-Moderate Profile Breast Implant 354-2645
http://purl.obolibrary.org/BIO/BIO_0000401,MENTOR Smooth Round SPECTRUM Moderate Profile Breast Implant,http://purl.obolibrary.org/BIO/BIO_0000535,MENTOR Smooth Round SPECTRUM Moderate Profile Breast Implant 350-1490
http://purl.obolibrary.org/BIO/BIO_0000434,NATRELLE Saline-Filled Smooth Round Low Profile Breast Implant,http://purl.obolibrary.org/BIO/BIO_0000617,NATRELLE Saline-Filled Smooth Round Low Profile Breast Implant 68LP-600
http://purl.obolibrary.org/BIO/BIO_0000426,NATRELLE Saline-Filled Textured Full Profile Breast Implant,http://purl.obolibrary.org/BIO/BIO_0000431,NATRELLE Saline-Filled Textured Full Profile Breast Implant 163-530
http://purl.obolibrary.org/BIO/BIO_0000493,MENTOR SILTEX CONTOUR PROFILE SPECTRUM High Profile Breast Implant,http://purl.obolibrary.org/BIO/BIO_0000532,MENTOR SILTEX CONTOUR PROFILE SPECTRUM High Profile Breast Implant 354-2512
http://purl.obolibrary.org/BIO/BIO_0000426,NATRELLE Saline-Filled Textured Full Profile Breast Implant,http://purl.obolibrary.org/BIO/BIO_0000428,NATRELLE Saline-Filled Textured Full Profile Breast Implant 363LF-230
http://purl.obolibrary.org/BIO/BIO_0000406,MENTOR SILTEX Saline-Filled-Moderate Profile Breast Implant,http://purl.obolibrary.org/BIO/BIO_0000412,MENTOR SILTEX Saline-Filled-Moderate Profile Breast Implant 354-2625
http://purl.obolibrary.org/BIO/BIO_0000414,MENTOR Smooth Round Saline-Filled-Moderate-plus Profile Breast Implant,http://purl.obolibrary.org/BIO/BIO_0000552,MENTOR Smooth Round Saline-Filled-Moderate-plus Profile Breast Implant 350-2200
http://purl.obolibrary.org/BIO/BIO_0000423,NATRELLE Saline-Filled Textured Moderate Profile Breast Implant,http://purl.obolibrary.org/BIO/BIO_0000515,NATRELLE Saline-Filled Textured Moderate Profile Breast Implant 468-300
http://purl.obolibrary.org/BIO/BIO_0000446,IDEAL IMPLANT Structured Breast Implant,http://purl.obolibrary.org/BIO/BIO_0000626,IDEAL IMPLANT Structured Breast Implant 635
http://purl.obolibrary.org/BIO/BIO_0000443,NATRELLE Saline-Filled Smooth Round Moderate Profile Breast Implant,http://purl.obolibrary.org/BIO/BIO_0000569,NATRELLE Saline-Filled Smooth Round Moderate Profile Breast Implant 68-300
http://purl.obolibrary.org/BIO/BIO_0000434,NATRELLE Saline-Filled Smooth Round Low Profile Breast Implant,http://purl.obolibrary.org/BIO/BIO_0000524,NATRELLE Saline-Filled Smooth Round Low Profile Breast Implant 68LP-325
http://purl.obolibrary.org/BIO/BIO_0000443,NATRELLE Saline-Filled Smooth Round Moderate Profile Breast Implant,http://purl.obolibrary.org/BIO/BIO_0000488,NATRELLE Saline-Filled Smooth Round Moderate Profile Breast Implant 68-480
http://purl.obolibrary.org/BIO/BIO_0000446,IDEAL IMPLANT Structured Breast Implant,http://purl.obolibrary.org/BIO/BIO_0000491,IDEAL IMPLANT Structured Breast Implant 675
http://purl.obolibrary.org/BIO/BIO_0000406,MENTOR SILTEX Saline-Filled-Moderate Profile Breast Implant,http://purl.obolibrary.org/BIO/BIO_0000457,MENTOR SILTEX Saline-Filled-Moderate Profile Breast Implant 354-2620
http://purl.obolibrary.org/BIO/BIO_0000417,MENTOR Smooth Round Saline-Filled-Moderate Profile Breast Implant,http://purl.obolibrary.org/BIO/BIO_0000601,MENTOR Smooth Round Saline-Filled-Moderate Profile Breast Implant 350-1690
http://purl.obolibrary.org/BIO/BIO_0000414,MENTOR Smooth Round Saline-Filled-Moderate-plus Profile Breast Implant,http://purl.obolibrary.org/BIO/BIO_0000508,MENTOR Smooth Round Saline-Filled-Moderate-plus Profile Breast Implant 350-2400
http://purl.obolibrary.org/BIO/BIO_0000443,NATRELLE Saline-Filled Smooth Round Moderate Profile Breast Implant,http://purl.obolibrary.org/BIO/BIO_0000568,NATRELLE Saline-Filled Smooth Round Moderate Profile Breast Implant 68-330
http://purl.obolibrary.org/BIO/BIO_0000458,MENTOR Smooth Round Saline-Filled-High Profile Breast Implant,http://purl.obolibrary.org/BIO/BIO_0000596,MENTOR Smooth Round Saline-Filled-High Profile Breast Implant 350-3460
http://purl.obolibrary.org/BIO/BIO_0000446,IDEAL IMPLANT Structured Breast Implant,http://purl.obolibrary.org/BIO/BIO_0000580,IDEAL IMPLANT Structured Breast Implant 370
http://purl.obolibrary.org/BIO/BIO_0000443,NATRELLE Saline-Filled Smooth Round Moderate Profile Breast Implant,http://purl.obolibrary.org/BIO/BIO_0000490,NATRELLE Saline-Filled Smooth Round Moderate Profile Breast Implant 68-240
http://purl.obolibrary.org/BIO/BIO_0000439,NATRELLE Saline-Filled Smooth Round High Profile Breast Implant,http://purl.obolibrary.org/BIO/BIO_0000576,NATRELLE Saline-Filled Smooth Round High Profile Breast Implant 68HP-600
http://purl.obolibrary.org/BIO/BIO_0000414,MENTOR Smooth Round Saline-Filled-Moderate-plus Profile Breast Implant,http://purl.obolibrary.org/BIO/BIO_0000545,MENTOR Smooth Round Saline-Filled-Moderate-plus Profile Breast Implant 350-2700
http://purl.obolibrary.org/BIO/BIO_0000443,NATRELLE Saline-Filled Smooth Round Moderate Profile Breast Implant,http://purl.obolibrary.org/BIO/BIO_0000567,NATRELLE Saline-Filled Smooth Round Moderate Profile Breast Implant 68-360
http://purl.obolibrary.org/BIO/BIO_0000439,NATRELLE Saline-Filled Smooth Round High Profile Breast Implant,http://purl.obolibrary.org/BIO/BIO_0000527,NATRELLE Saline-Filled Smooth Round High Profile Breast Implant 68HP-500
http://purl.obolibrary.org/BIO/BIO_0000439,NATRELLE Saline-Filled Smooth Round High Profile Breast Implant,http://purl.obolibrary.org/BIO/BIO_0000481,NATRELLE Saline-Filled Smooth Round High Profile Breast Implant 68HP-650
http://purl.obolibrary.org/BIO/BIO_0000417,MENTOR Smooth Round Saline-Filled-Moderate Profile Breast Implant,http://purl.obolibrary.org/BIO/BIO_0000512,MENTOR Smooth Round Saline-Filled-Moderate Profile Breast Implant 350-1645
http://purl.obolibrary.org/BIO/BIO_0000458,MENTOR Smooth Round Saline-Filled-High Profile Breast Implant,http://purl.obolibrary.org/BIO/BIO_0000503,MENTOR Smooth Round Saline-Filled-High Profile Breast Implant 350-3190
http://purl.obolibrary.org/BIO/BIO_0000439,NATRELLE Saline-Filled Smooth Round High Profile Breast Implant,http://purl.obolibrary.org/BIO/BIO_0000620,NATRELLE Saline-Filled Smooth Round High Profile Breast Implant 68HP-425
http://purl.obolibrary.org/BIO/BIO_0000423,NATRELLE Saline-Filled Textured Moderate Profile Breast Implant,http://purl.obolibrary.org/BIO/BIO_0000605,NATRELLE Saline-Filled Textured Moderate Profile Breast Implant 468-495
http://purl.obolibrary.org/BIO/BIO_0000426,NATRELLE Saline-Filled Textured Full Profile Breast Implant,http://purl.obolibrary.org/BIO/BIO_0000559,NATRELLE Saline-Filled Textured Full Profile Breast Implant 363LF-450
http://purl.obolibrary.org/BIO/BIO_0000398,MENTOR SILTEX Round SPECTRUM Moderate Profile Breast Implant,http://purl.obolibrary.org/BIO/BIO_0000449,MENTOR SILTEX Round SPECTRUM Moderate Profile Breast Implant 354-2480M
http://purl.obolibrary.org/BIO/BIO_0000426,NATRELLE Saline-Filled Textured Full Profile Breast Implant,http://purl.obolibrary.org/BIO/BIO_0000467,NATRELLE Saline-Filled Textured Full Profile Breast Implant 363LF-370
http://purl.obolibrary.org/BIO/BIO_0000406,MENTOR SILTEX Saline-Filled-Moderate Profile Breast Implant,http://purl.obolibrary.org/BIO/BIO_0000592,MENTOR SILTEX Saline-Filled-Moderate Profile Breast Implant 354-2615
http://purl.obolibrary.org/BIO/BIO_0000423,NATRELLE Saline-Filled Textured Moderate Profile Breast Implant,http://purl.obolibrary.org/BIO/BIO_0000514,NATRELLE Saline-Filled Textured Moderate Profile Breast Implant 468-560
http://purl.obolibrary.org/BIO/BIO_0000423,NATRELLE Saline-Filled Textured Moderate Profile Breast Implant,http://purl.obolibrary.org/BIO/BIO_0000612,NATRELLE Saline-Filled Textured Moderate Profile Breast Implant 168-420
http://purl.obolibrary.org/BIO/BIO_0000434,NATRELLE Saline-Filled Smooth Round Low Profile Breast Implant,http://purl.obolibrary.org/BIO/BIO_0000436,NATRELLE Saline-Filled Smooth Round Low Profile Breast Implant 68LP-480
http://purl.obolibrary.org/BIO/BIO_0000446,IDEAL IMPLANT Structured Breast Implant,http://purl.obolibrary.org/BIO/BIO_0000492,IDEAL IMPLANT Structured Breast Implant 270
http://purl.obolibrary.org/BIO/BIO_0000443,NATRELLE Saline-Filled Smooth Round Moderate Profile Breast Implant,http://purl.obolibrary.org/BIO/BIO_0000565,NATRELLE Saline-Filled Smooth Round Moderate Profile Breast Implant 68-750
http://purl.obolibrary.org/BIO/BIO_0000426,NATRELLE Saline-Filled Textured Full Profile Breast Implant,http://purl.obolibrary.org/BIO/BIO_0000608,NATRELLE Saline-Filled Textured Full Profile Breast Implant 363LF-330
http://purl.obolibrary.org/BIO/BIO_0000414,MENTOR Smooth Round Saline-Filled-Moderate-plus Profile Breast Implant,http://purl.obolibrary.org/BIO/BIO_0000547,MENTOR Smooth Round Saline-Filled-Moderate-plus Profile Breast Implant 350-2450
http://purl.obolibrary.org/BIO/BIO_0000404,MENTOR SILTEX Saline-Filled-High Profile Breast Implant,http://purl.obolibrary.org/BIO/BIO_0000496,MENTOR SILTEX Saline-Filled-High Profile Breast Implant 354-2714
http://purl.obolibrary.org/BIO/BIO_0000423,NATRELLE Saline-Filled Textured Moderate Profile Breast Implant,http://purl.obolibrary.org/BIO/BIO_0000430,NATRELLE Saline-Filled Textured Moderate Profile Breast Implant 168-150
http://purl.obolibrary.org/BIO/BIO_0000414,MENTOR Smooth Round Saline-Filled-Moderate-plus Profile Breast Implant,http://purl.obolibrary.org/BIO/BIO_0000510,MENTOR Smooth Round Saline-Filled-Moderate-plus Profile Breast Implant 350-2175
http://purl.obolibrary.org/BIO/BIO_0000404,MENTOR SILTEX Saline-Filled-High Profile Breast Implant,http://purl.obolibrary.org/BIO/BIO_0000586,MENTOR SILTEX Saline-Filled-High Profile Breast Implant 354-2715
http://purl.obolibrary.org/BIO/BIO_0000423,NATRELLE Saline-Filled Textured Moderate Profile Breast Implant,http://purl.obolibrary.org/BIO/BIO_0000474,NATRELLE Saline-Filled Textured Moderate Profile Breast Implant 168-330
http://purl.obolibrary.org/BIO/BIO_0000414,MENTOR Smooth Round Saline-Filled-Moderate-plus Profile Breast Implant,http://purl.obolibrary.org/BIO/BIO_0000598,MENTOR Smooth Round Saline-Filled-Moderate-plus Profile Breast Implant 350-2475
http://purl.obolibrary.org/BIO/BIO_0000406,MENTOR SILTEX Saline-Filled-Moderate Profile Breast Implant,http://purl.obolibrary.org/BIO/BIO_0000409,MENTOR SILTEX Saline-Filled-Moderate Profile Breast Implant 354-2655
http://purl.obolibrary.org/BIO/BIO_0000443,NATRELLE Saline-Filled Smooth Round Moderate Profile Breast Implant,http://purl.obolibrary.org/BIO/BIO_0000485,NATRELLE Saline-Filled Smooth Round Moderate Profile Breast Implant 68-800
http://purl.obolibrary.org/BIO/BIO_0000423,NATRELLE Saline-Filled Textured Moderate Profile Breast Implant,http://purl.obolibrary.org/BIO/BIO_0000519,NATRELLE Saline-Filled Textured Moderate Profile Breast Implant 168-210
http://purl.obolibrary.org/BIO/BIO_0000423,NATRELLE Saline-Filled Textured Moderate Profile Breast Implant,http://purl.obolibrary.org/BIO/BIO_0000518,NATRELLE Saline-Filled Textured Moderate Profile Breast Implant 168-300
http://purl.obolibrary.org/BIO/BIO_0000434,NATRELLE Saline-Filled Smooth Round Low Profile Breast Implant,http://purl.obolibrary.org/BIO/BIO_0000564,NATRELLE Saline-Filled Smooth Round Low Profile Breast Implant 68LP-300
http://purl.obolibrary.org/BIO/BIO_0000434,NATRELLE Saline-Filled Smooth Round Low Profile Breast Implant,http://purl.obolibrary.org/BIO/BIO_0000521,NATRELLE Saline-Filled Smooth Round Low Profile Breast Implant 68LP-550
http://purl.obolibrary.org/BIO/BIO_0000406,MENTOR SILTEX Saline-Filled-Moderate Profile Breast Implant,http://purl.obolibrary.org/BIO/BIO_0000408,MENTOR SILTEX Saline-Filled-Moderate Profile Breast Implant 354-2670
http://purl.obolibrary.org/BIO/BIO_0000434,NATRELLE Saline-Filled Smooth Round Low Profile Breast Implant,http://purl.obolibrary.org/BIO/BIO_0000526,NATRELLE Saline-Filled Smooth Round Low Profile Breast Implant 68LP-225
http://purl.obolibrary.org/BIO/BIO_0000443,NATRELLE Saline-Filled Smooth Round Moderate Profile Breast Implant,http://purl.obolibrary.org/BIO/BIO_0000487,NATRELLE Saline-Filled Smooth Round Moderate Profile Breast Implant 68-550
http://purl.obolibrary.org/BIO/BIO_0000443,NATRELLE Saline-Filled Smooth Round Moderate Profile Breast Implant,http://purl.obolibrary.org/BIO/BIO_0000578,NATRELLE Saline-Filled Smooth Round Moderate Profile Breast Implant 68-120
http://purl.obolibrary.org/BIO/BIO_0000439,NATRELLE Saline-Filled Smooth Round High Profile Breast Implant,http://purl.obolibrary.org/BIO/BIO_0000442,NATRELLE Saline-Filled Smooth Round High Profile Breast Implant 68HP-200
http://purl.obolibrary.org/BIO/BIO_0000417,MENTOR Smooth Round Saline-Filled-Moderate Profile Breast Implant,http://purl.obolibrary.org/BIO/BIO_0000420,MENTOR Smooth Round Saline-Filled-Moderate Profile Breast Implant 350-1620
http://purl.obolibrary.org/BIO/BIO_0000434,NATRELLE Saline-Filled Smooth Round Low Profile Breast Implant,http://purl.obolibrary.org/BIO/BIO_0000478,NATRELLE Saline-Filled Smooth Round Low Profile Breast Implant 68LP-200
http://purl.obolibrary.org/BIO/BIO_0000406,MENTOR SILTEX Saline-Filled-Moderate Profile Breast Implant,http://purl.obolibrary.org/BIO/BIO_0000593,MENTOR SILTEX Saline-Filled-Moderate Profile Breast Implant 354-2610
http://purl.obolibrary.org/BIO/BIO_0000423,NATRELLE Saline-Filled Textured Moderate Profile Breast Implant,http://purl.obolibrary.org/BIO/BIO_0000614,NATRELLE Saline-Filled Textured Moderate Profile Breast Implant 168-240
http://purl.obolibrary.org/BIO/BIO_0000414,MENTOR Smooth Round Saline-Filled-Moderate-plus Profile Breast Implant,http://purl.obolibrary.org/BIO/BIO_0000507,MENTOR Smooth Round Saline-Filled-Moderate-plus Profile Breast Implant 350-2550
http://purl.obolibrary.org/BIO/BIO_0000406,MENTOR SILTEX Saline-Filled-Moderate Profile Breast Implant,http://purl.obolibrary.org/BIO/BIO_0000497,MENTOR SILTEX Saline-Filled-Moderate Profile Breast Implant 354-2914
http://purl.obolibrary.org/BIO/BIO_0000414,MENTOR Smooth Round Saline-Filled-Moderate-plus Profile Breast Implant,http://purl.obolibrary.org/BIO/BIO_0000599,MENTOR Smooth Round Saline-Filled-Moderate-plus Profile Breast Implant 350-2375
